{"cameraMode":{"drawMode":0,"name":"Shaded","section":"Shading Mode"},"sceneLighting":true,"audioPlay":false,"sceneViewState":{"m_AlwaysRefresh":false,"showFog":true,"showSkybox":true,"showFlares":true,"showImageEffects":true,"showParticleSystems":true,"showVisualEffectGraphs":true,"m_FxEnabled":true},"in2DMode":false,"pivot":{"x":14.291254997253418,"y":2.499302387237549,"z":5.535133361816406},"rotation":{"x":-0.13710032403469087,"y":-0.5615692138671875,"z":0.09655524790287018,"w":-0.8114920854568481},"size":17.279281616210939,"orthographic":true}